scenario,controller,speed_error,current,switches,feedback,fallback,failures,safety_worst
start_no_load,protected_ai_pwm_h1_baseline,83.95663787104598,1.1479406671507644,19.0,0.9833333333333333,0.0,0,0.0
start_no_load,fcs_mpc_one_step_baseline,83.88886817417662,2.0565076724291234,11.333333333333334,1.0,0.0,0,0.0
start_no_load,foc_svm_key_baseline,83.70108224722772,1.4604333830369347,22.0,1.0,0.0,0,0.0
start_no_load,dtc_hysteresis_baseline,84.03749691242487,0.2968337982043026,72.33333333333333,1.0,0.0,0,0.0
start_no_load,dtc_svm_baseline,84.03760348352696,0.7814765812506256,8.666666666666666,1.0,0.0,0,0.0
start_no_load,deadbeat_current_baseline,83.99934125956376,0.4755949031820598,5.0,1.0,0.0,0,0.0
start_no_load,sensorless_adaptive_foc_baseline,84.03760348352696,1.21271436210668,10.0,0.9333333333333332,0.0,0,0.0
start_no_load,safe_neural_horizon_pwm_h2,84.00969075727026,1.3561759172463226,27.333333333333332,0.9833333333333333,0.0,0,0.0
start_no_load,safe_neural_horizon_pwm_h3_thermal,84.01600994947616,1.1718939904999681,32.0,0.9833333333333333,0.0,0,0.0
start_no_load,safe_neural_horizon_pwm_h4_sparse,83.87597935052861,2.443587816280095,20.333333333333332,0.8833333333333333,7.666666666666667,0,0.0
start_with_load,protected_ai_pwm_h1_baseline,84.1104618138623,1.1890688842095942,25.0,0.9833333333333333,0.0,0,0.0
start_with_load,fcs_mpc_one_step_baseline,84.0100667329594,2.207282554533416,9.666666666666666,1.0,0.0,0,0.0
start_with_load,foc_svm_key_baseline,84.03668846138864,1.5350297835818214,21.333333333333332,1.0,0.0,0,0.0
start_with_load,dtc_hysteresis_baseline,84.14083455237248,0.298049505374888,72.33333333333333,1.0,0.0,0,0.0
start_with_load,dtc_svm_baseline,84.10310578170309,0.8965176532192429,9.333333333333334,1.0,0.0,0,0.0
start_with_load,deadbeat_current_baseline,84.14630641948621,0.45689307810871266,5.333333333333333,1.0,0.0,0,0.0
start_with_load,sensorless_adaptive_foc_baseline,85.03303605795979,1.1656348057173382,10.0,0.9333333333333332,0.0,0,0.0
start_with_load,safe_neural_horizon_pwm_h2,84.2158869748279,1.2021119461848475,27.0,0.9833333333333333,0.0,0,0.0
start_with_load,safe_neural_horizon_pwm_h3_thermal,84.08542570853422,1.3239592257779675,30.666666666666668,0.9833333333333333,0.0,0,0.0
start_with_load,safe_neural_horizon_pwm_h4_sparse,84.00986732108443,2.489060185779987,16.333333333333332,0.8833333333333333,10.333333333333334,0,0.0
ramp_to_rated,protected_ai_pwm_h1_baseline,92.07750434617746,1.2616071840935845,26.333333333333332,0.9666666666666667,0.0,0,0.0
ramp_to_rated,fcs_mpc_one_step_baseline,92.01226304078648,1.8966299879352553,13.0,1.0,0.0,0,0.0
ramp_to_rated,foc_svm_key_baseline,92.00414223789107,1.3691625597380055,18.666666666666668,1.0,0.0,0,0.0
ramp_to_rated,dtc_hysteresis_baseline,92.23407190168905,0.301500093060989,72.0,1.0,0.0,0,0.0
ramp_to_rated,dtc_svm_baseline,92.18781891878211,1.0999395992960415,10.0,1.0,0.0,0,0.0
ramp_to_rated,deadbeat_current_baseline,92.18620080298503,0.3951438432227394,5.333333333333333,1.0,0.0,0,0.0
ramp_to_rated,sensorless_adaptive_foc_baseline,92.34795036402618,1.0489749012925051,10.0,0.85,0.0,0,0.0
ramp_to_rated,safe_neural_horizon_pwm_h2,92.06714053288715,1.3468567852158293,33.333333333333336,0.9666666666666667,0.0,0,0.0
ramp_to_rated,safe_neural_horizon_pwm_h3_thermal,94.56921492270153,1.117976778769837,31.0,0.9666666666666667,0.0,0,0.0
ramp_to_rated,safe_neural_horizon_pwm_h4_sparse,91.26855028843725,2.7395762437342657,12.0,0.7166666666666667,16.666666666666668,0,0.0
load_step,protected_ai_pwm_h1_baseline,84.02836909917478,1.2863164517044783,25.666666666666668,0.9833333333333333,0.0,0,0.0
load_step,fcs_mpc_one_step_baseline,83.90292640478748,2.291064334238054,9.333333333333334,1.0,0.0,0,0.0
load_step,foc_svm_key_baseline,83.96203927838427,1.5364268454040044,23.0,1.0,0.0,0,0.0
load_step,dtc_hysteresis_baseline,84.43464773412582,0.29819666311808146,72.0,1.0,0.0,0,0.0
load_step,dtc_svm_baseline,84.34921462217629,0.7034534823314784,8.666666666666666,1.0,0.0,0,0.0
load_step,deadbeat_current_baseline,84.08198585625483,0.44800551633679725,5.0,1.0,0.0,0,0.0
load_step,sensorless_adaptive_foc_baseline,86.3908141991541,1.354630891283379,10.666666666666666,0.9333333333333332,0.0,0,0.0
load_step,safe_neural_horizon_pwm_h2,84.02153056199124,1.2205432862254975,31.333333333333332,0.9833333333333333,0.0,0,0.0
load_step,safe_neural_horizon_pwm_h3_thermal,84.03872371921817,1.4870213935126857,27.666666666666668,0.9833333333333333,0.6666666666666666,0,0.0
load_step,safe_neural_horizon_pwm_h4_sparse,83.93655231780207,2.6161502827677587,15.333333333333334,0.8833333333333333,12.666666666666666,0,0.0
load_shed,protected_ai_pwm_h1_baseline,94.43720355164761,1.2844139615507826,20.333333333333332,1.0,0.0,0,0.0
load_shed,fcs_mpc_one_step_baseline,94.15316983101432,2.537670164116607,7.666666666666667,1.0,0.0,0,0.0
load_shed,foc_svm_key_baseline,94.2467995733016,1.3354777233027084,22.666666666666668,1.0,0.0,0,0.0
load_shed,dtc_hysteresis_baseline,94.40492870346081,0.2982767464185913,72.33333333333333,1.0,0.0,0,0.0
load_shed,dtc_svm_baseline,94.64421315520559,0.76986968862407,8.666666666666666,1.0,0.0,0,0.0
load_shed,deadbeat_current_baseline,94.3163184570688,0.4814002188706077,5.0,1.0,0.0,0,0.0
load_shed,sensorless_adaptive_foc_baseline,94.43411440368753,1.3305149014770454,10.0,1.0,0.0,0,0.0
load_shed,safe_neural_horizon_pwm_h2,94.33700631685063,1.177479771700467,29.666666666666668,1.0,0.0,0,0.0
load_shed,safe_neural_horizon_pwm_h3_thermal,94.48971108370647,1.7043272703428067,23.0,1.0,0.3333333333333333,0,0.0
load_shed,safe_neural_horizon_pwm_h4_sparse,94.20463297645277,2.7523913317746214,14.0,1.0,14.666666666666666,0,0.0
reverse,protected_ai_pwm_h1_baseline,62.58589888680765,1.1099903480526063,19.333333333333332,1.0,0.0,0,0.0
reverse,fcs_mpc_one_step_baseline,62.65601873012932,1.9683656160727916,16.666666666666668,1.0,0.0,0,0.0
reverse,foc_svm_key_baseline,62.79206621797562,1.2845699133183648,24.666666666666668,1.0,0.0,0,0.0
reverse,dtc_hysteresis_baseline,62.773488471700034,0.3018093707232597,72.66666666666667,1.0,0.0,0,0.0
reverse,dtc_svm_baseline,62.78300629603149,0.8937261069490577,8.666666666666666,1.0,0.0,0,0.0
reverse,deadbeat_current_baseline,62.772452364954596,0.4224288979718806,6.0,1.0,0.0,0,0.0
reverse,sensorless_adaptive_foc_baseline,62.797389963102496,1.2190296155383489,11.333333333333334,1.0,0.0,0,0.0
reverse,safe_neural_horizon_pwm_h2,62.75351410439412,1.1749906606212215,29.666666666666668,1.0,0.0,0,0.0
reverse,safe_neural_horizon_pwm_h3_thermal,62.772646936211096,1.4107830349328585,24.333333333333332,1.0,0.0,0,0.0
reverse,safe_neural_horizon_pwm_h4_sparse,62.64914807163846,1.9905555325263462,20.666666666666668,0.5333333333333333,0.3333333333333333,0,0.0
braking,protected_ai_pwm_h1_baseline,44.516565689503956,1.251831151181351,22.666666666666668,0.4666666666666666,0.0,0,0.0
braking,fcs_mpc_one_step_baseline,43.97612135921045,1.6895612854693407,22.333333333333332,1.0,0.0,0,0.0
braking,foc_svm_key_baseline,44.48071115616062,1.2615472046204574,14.666666666666666,1.0,0.0,0,0.0
braking,dtc_hysteresis_baseline,44.55400977591068,0.3000430874527838,72.33333333333333,1.0,0.0,0,0.0
braking,dtc_svm_baseline,44.72793371437901,0.7876296392938786,8.0,1.0,0.0,0,0.0
braking,deadbeat_current_baseline,44.6425630482596,0.24772752655402275,6.666666666666667,1.0,0.0,0,0.0
braking,sensorless_adaptive_foc_baseline,44.620986191953826,1.44088010120511,13.333333333333334,0.4166666666666667,0.0,0,0.0
braking,safe_neural_horizon_pwm_h2,44.520727692952825,1.2286671231158903,27.666666666666668,0.4000000000000001,0.0,0,0.0
braking,safe_neural_horizon_pwm_h3_thermal,44.547228614282,1.468455501402768,27.666666666666668,0.41111111111111115,0.0,0,0.0
braking,safe_neural_horizon_pwm_h4_sparse,44.49915874589959,1.3220161400325026,43.333333333333336,0.36666666666666664,1.0,0,0.0
regeneration,protected_ai_pwm_h1_baseline,60.17959513031811,1.2434740452430944,25.666666666666668,1.0,0.0,0,0.0
regeneration,fcs_mpc_one_step_baseline,59.962977499713304,1.8831065950770978,19.666666666666668,1.0,0.3333333333333333,0,0.0
regeneration,foc_svm_key_baseline,60.01456774466056,1.5035409255032761,22.666666666666668,1.0,0.0,0,0.0
regeneration,dtc_hysteresis_baseline,60.20337021670381,0.3796036385687915,68.66666666666667,1.0,4.666666666666667,0,0.0
regeneration,dtc_svm_baseline,60.201400632025674,0.955132250445743,8.666666666666666,1.0,0.0,0,0.0
regeneration,deadbeat_current_baseline,59.59323062751786,0.5287745150603851,6.666666666666667,1.0,0.0,0,0.0
regeneration,sensorless_adaptive_foc_baseline,60.0852851847528,1.1197840004475366,10.0,1.0,0.0,0,0.0
regeneration,safe_neural_horizon_pwm_h2,60.17850430435741,1.3658011610628389,31.333333333333332,1.0,0.0,0,0.0
regeneration,safe_neural_horizon_pwm_h3_thermal,60.08643548428654,1.5300298483363948,30.333333333333332,1.0,0.0,0,0.0
regeneration,safe_neural_horizon_pwm_h4_sparse,59.67360839725495,2.198981349026207,22.666666666666668,0.37222222222222223,9.333333333333334,0,0.0
low_speed,protected_ai_pwm_h1_baseline,23.603655756079785,1.3115468320180048,24.333333333333332,1.0,0.0,0,0.0
low_speed,fcs_mpc_one_step_baseline,22.550281797186802,1.9865917090770553,24.0,1.0,0.0,0,0.0
low_speed,foc_svm_key_baseline,23.536717555637427,1.307369937401861,19.333333333333332,1.0,0.0,0,0.0
low_speed,dtc_hysteresis_baseline,23.67972475303546,0.30300679559400173,72.0,1.0,0.0,0,0.0
low_speed,dtc_svm_baseline,23.609131684806584,0.9334624548762385,10.0,1.0,0.0,0,0.0
low_speed,deadbeat_current_baseline,23.617886055016015,0.0,0.0,1.0,0.0,0,0.0
low_speed,sensorless_adaptive_foc_baseline,23.663622157355757,1.0326999561277428,8.666666666666666,0.13333333333333333,0.0,0,0.0
low_speed,safe_neural_horizon_pwm_h2,23.563505811853748,1.366393787298315,32.666666666666664,1.0,0.0,0,0.0
low_speed,safe_neural_horizon_pwm_h3_thermal,23.540552842958963,1.5531235103607475,29.666666666666668,1.0,0.0,0,0.0
low_speed,safe_neural_horizon_pwm_h4_sparse,23.51499810939946,1.6929445267699341,34.0,0.08333333333333333,0.3333333333333333,0,0.0
zero_speed,protected_ai_pwm_h1_baseline,0.031836387698867784,0.9025565822277782,29.0,0.20000000000000004,0.0,0,0.0
zero_speed,fcs_mpc_one_step_baseline,0.03160539856107996,0.9371699829238901,26.333333333333332,1.0,0.0,0,0.0
zero_speed,foc_svm_key_baseline,0.1343182397024406,1.1235508406742785,10.0,1.0,0.0,0,0.0
zero_speed,dtc_hysteresis_baseline,0.0383734452503888,0.34831905830865567,63.666666666666664,1.0,2.0,0,0.0
zero_speed,dtc_svm_baseline,0.047581093676292936,0.7969360371633639,8.666666666666666,1.0,0.0,0,0.0
zero_speed,deadbeat_current_baseline,0.06018925094821117,0.0,0.0,1.0,0.0,0,0.0
zero_speed,sensorless_adaptive_foc_baseline,0.4228169144851302,1.2054072847858135,11.333333333333334,0.13333333333333333,0.0,0,0.0
zero_speed,safe_neural_horizon_pwm_h2,0.10204038909339874,0.7886017156406293,26.333333333333332,0.10000000000000002,0.0,0,0.0
zero_speed,safe_neural_horizon_pwm_h3_thermal,0.06278992403255121,0.6585508583236709,38.0,0.10000000000000002,0.0,0,0.0
zero_speed,safe_neural_horizon_pwm_h4_sparse,0.035663107342673715,0.7626177264001228,34.0,0.08333333333333333,0.0,0,0.0
field_weakening,protected_ai_pwm_h1_baseline,180.7724352390649,1.2725792168476686,24.333333333333332,1.0,0.0,0,0.0
field_weakening,fcs_mpc_one_step_baseline,180.52149602170928,2.430857040430529,7.333333333333333,1.0,0.0,0,0.0
field_weakening,foc_svm_key_baseline,180.60365650378807,1.3919892800364024,24.0,1.0,0.0,0,0.0
field_weakening,dtc_hysteresis_baseline,182.2884726776135,0.3045346481388159,66.0,1.0,0.0,0,0.0
field_weakening,dtc_svm_baseline,180.68618889489503,1.057120747675854,14.666666666666666,1.0,0.0,0,0.0
field_weakening,deadbeat_current_baseline,180.69110736695293,0.5005333158907639,5.333333333333333,1.0,0.0,0,0.0
field_weakening,sensorless_adaptive_foc_baseline,180.68304545449027,1.4087527129113384,9.333333333333334,1.0,0.0,0,0.0
field_weakening,safe_neural_horizon_pwm_h2,180.73297886219322,1.20778656714172,32.0,1.0,0.0,0,0.0
field_weakening,safe_neural_horizon_pwm_h3_thermal,179.1532771188951,1.9378920729496754,22.666666666666668,1.0,3.3333333333333335,0,0.0
field_weakening,safe_neural_horizon_pwm_h4_sparse,180.55891409505594,2.21833620920525,16.333333333333332,1.0,3.3333333333333335,0,0.0
overload,protected_ai_pwm_h1_baseline,86.58257064061932,1.2688208634687141,29.0,1.0,0.0,0,0.0
overload,fcs_mpc_one_step_baseline,86.1886790625828,2.258443197428323,10.666666666666666,1.0,0.0,0,0.0
overload,foc_svm_key_baseline,86.46922278971226,1.221545374644106,22.333333333333332,1.0,0.0,0,0.0
overload,dtc_hysteresis_baseline,86.55991338461281,0.30091476985086335,72.0,1.0,0.0,0,0.0
overload,dtc_svm_baseline,87.12933616115197,0.9019783216258931,9.666666666666666,1.0,0.0,0,0.0
overload,deadbeat_current_baseline,87.7711049432703,0.4656671062632786,5.333333333333333,1.0,0.0,0,0.0
overload,sensorless_adaptive_foc_baseline,86.59797959610027,1.4309027275528632,12.0,1.0,0.0,0,0.0
overload,safe_neural_horizon_pwm_h2,86.50111089084577,1.4207669349021443,30.333333333333332,1.0,0.0,0,0.0
overload,safe_neural_horizon_pwm_h3_thermal,86.61955660738454,1.8761364848639304,19.333333333333332,1.0,0.0,0,0.0
overload,safe_neural_horizon_pwm_h4_sparse,86.33086964225602,2.67616509829463,12.0,1.0,14.666666666666666,0,0.0
dc_sag,protected_ai_pwm_h1_baseline,86.49169136433467,1.1403001926347571,17.666666666666668,1.0,0.0,0,0.0
dc_sag,fcs_mpc_one_step_baseline,86.42979400431636,2.2472868740218104,10.333333333333334,1.0,0.0,0,0.0
dc_sag,foc_svm_key_baseline,86.35500400448791,1.4355424388619749,23.333333333333332,1.0,0.0,0,0.0
dc_sag,dtc_hysteresis_baseline,86.48570269248869,0.7707905410828891,43.0,1.0,0.0,0,0.0
dc_sag,dtc_svm_baseline,90.44656948480399,1.3818588701692003,13.666666666666666,1.0,0.0,0,0.0
dc_sag,deadbeat_current_baseline,86.46039791994677,0.3656316802940713,5.333333333333333,1.0,0.0,0,0.0
dc_sag,sensorless_adaptive_foc_baseline,86.47431874649423,1.3953446287151978,15.333333333333334,1.0,0.0,0,0.0
dc_sag,safe_neural_horizon_pwm_h2,88.604677871474,1.1721104836934837,30.666666666666668,1.0,0.0,0,0.0
dc_sag,safe_neural_horizon_pwm_h3_thermal,86.41886220030665,1.431545517614251,26.666666666666668,1.0,0.3333333333333333,0,0.0
dc_sag,safe_neural_horizon_pwm_h4_sparse,85.55479115604739,2.2808710277839928,15.0,1.0,7.0,0,0.0
motor_heating,protected_ai_pwm_h1_baseline,86.6090928563558,1.1454278367335133,24.0,1.0,0.0,0,0.0
motor_heating,fcs_mpc_one_step_baseline,86.14413406012068,2.3010158649533152,8.666666666666666,1.0,0.0,0,0.0
motor_heating,foc_svm_key_baseline,86.4265879038528,1.4347204802689637,24.0,1.0,0.0,0,0.0
motor_heating,dtc_hysteresis_baseline,86.54700342267903,0.298653857309862,72.0,1.0,0.0,0,0.0
motor_heating,dtc_svm_baseline,86.68815861391931,0.8964187209046193,10.0,1.0,0.0,0,0.0
motor_heating,deadbeat_current_baseline,86.71425168837463,0.45816208565837574,5.333333333333333,1.0,0.0,0,0.0
motor_heating,sensorless_adaptive_foc_baseline,86.48809962561073,1.4409974352787556,11.333333333333334,1.0,0.0,0,0.0
motor_heating,safe_neural_horizon_pwm_h2,86.51958507148545,1.352964523263502,26.0,1.0,0.0,0,0.0
motor_heating,safe_neural_horizon_pwm_h3_thermal,86.52363660354858,1.7070791012797384,21.333333333333332,1.0,0.0,0,0.0
motor_heating,safe_neural_horizon_pwm_h4_sparse,86.34368473142939,2.7136256165197756,12.0,1.0,15.0,0,0.0
inverter_heating,protected_ai_pwm_h1_baseline,86.74417105345834,1.1757389864884649,27.333333333333332,1.0,0.0,0,0.0
inverter_heating,fcs_mpc_one_step_baseline,85.95522010560383,2.5368470348348473,7.0,1.0,0.0,0,0.0
inverter_heating,foc_svm_key_baseline,86.42254020815095,1.4718170161393083,22.333333333333332,1.0,0.0,0,0.0
inverter_heating,dtc_hysteresis_baseline,86.51806612507,0.30215003856827716,72.0,1.0,0.0,0,0.0
inverter_heating,dtc_svm_baseline,86.49949819654255,0.9554552214615323,8.666666666666666,1.0,0.0,0,0.0
inverter_heating,deadbeat_current_baseline,86.56261688774305,0.42703444565192705,5.333333333333333,1.0,0.0,0,0.0
inverter_heating,sensorless_adaptive_foc_baseline,86.4746172748047,1.3774949142808073,9.333333333333334,1.0,0.0,0,0.0
inverter_heating,safe_neural_horizon_pwm_h2,86.53261272375026,1.1558012733663754,28.666666666666668,1.0,0.0,0,0.0
inverter_heating,safe_neural_horizon_pwm_h3_thermal,86.46223622810028,1.511600979489005,24.333333333333332,1.0,0.0,0,0.0
inverter_heating,safe_neural_horizon_pwm_h4_sparse,86.44874439526221,2.2341421127139927,22.333333333333332,1.0,3.3333333333333335,0,0.0
rs_error,protected_ai_pwm_h1_baseline,77.2966663894145,1.132681004962444,18.666666666666668,0.9833333333333333,0.0,0,0.0
rs_error,fcs_mpc_one_step_baseline,76.90532107705259,2.2912427693744086,9.0,1.0,0.0,0,0.0
rs_error,foc_svm_key_baseline,77.03795068791425,1.187236960783211,23.0,1.0,0.0,0,0.0
rs_error,dtc_hysteresis_baseline,77.17307985419295,0.29976848014892826,72.0,1.0,0.0,0,0.0
rs_error,dtc_svm_baseline,77.14833652805626,0.8173655148356554,10.0,1.0,0.0,0,0.0
rs_error,deadbeat_current_baseline,77.20218561133815,0.37883680167723105,6.333333333333333,1.0,0.0,0,0.0
rs_error,sensorless_adaptive_foc_baseline,77.19415998068766,1.4746682842383807,17.333333333333332,0.9166666666666666,0.0,0,0.0
rs_error,safe_neural_horizon_pwm_h2,84.46124989481027,1.2613784443747864,31.0,0.9833333333333333,0.0,0,0.0
rs_error,safe_neural_horizon_pwm_h3_thermal,77.14761279587242,1.2161142656071984,28.333333333333332,0.9833333333333333,0.0,0,0.0
rs_error,safe_neural_horizon_pwm_h4_sparse,76.99434889394978,1.9191800080646555,22.0,0.8666666666666667,4.666666666666667,0,0.0
rr_error,protected_ai_pwm_h1_baseline,77.39310011803815,1.1127138188642578,18.333333333333332,0.9833333333333333,0.0,0,0.0
rr_error,fcs_mpc_one_step_baseline,77.09074149973748,1.6050986628179873,13.333333333333334,1.0,0.0,0,0.0
rr_error,foc_svm_key_baseline,77.04889136674431,1.9967004144416762,25.0,1.0,0.0,0,0.0
rr_error,dtc_hysteresis_baseline,77.23649668535693,0.29451503089026454,72.0,1.0,0.0,0,0.0
rr_error,dtc_svm_baseline,78.8532669413609,1.3206709938113468,10.666666666666666,1.0,0.0,0,0.0
rr_error,deadbeat_current_baseline,77.11202882040284,0.48036723355189914,5.333333333333333,1.0,0.0,0,0.0
rr_error,sensorless_adaptive_foc_baseline,77.46868416812771,1.5064963085983338,12.0,0.9166666666666666,0.0,0,0.0
rr_error,safe_neural_horizon_pwm_h2,77.15530798439447,1.1562547992193306,21.0,0.9833333333333333,0.0,0,0.0
rr_error,safe_neural_horizon_pwm_h3_thermal,77.10626583824363,1.7702613998054826,26.0,0.9833333333333333,0.0,0,0.0
rr_error,safe_neural_horizon_pwm_h4_sparse,77.02134424714288,2.4392915249250033,21.0,0.8666666666666667,9.333333333333334,1,0.0
lm_error,protected_ai_pwm_h1_baseline,77.11234832071727,1.1285464730222716,22.333333333333332,0.9833333333333333,0.0,0,0.0
lm_error,fcs_mpc_one_step_baseline,76.900962938156,2.5163723104870517,8.0,1.0,0.0,0,0.0
lm_error,foc_svm_key_baseline,77.014492726706,1.3868045899263681,22.333333333333332,1.0,0.0,0,0.0
lm_error,dtc_hysteresis_baseline,78.17945059693379,0.2978858998232036,72.33333333333333,1.0,0.0,0,0.0
lm_error,dtc_svm_baseline,77.10682198172974,0.7950766323046343,8.666666666666666,1.0,0.0,0,0.0
lm_error,deadbeat_current_baseline,77.22574646193618,0.4574803200847697,5.0,1.0,0.0,0,0.0
lm_error,sensorless_adaptive_foc_baseline,77.24824573478347,1.294602508106193,8.0,0.9166666666666666,0.0,0,0.0
lm_error,safe_neural_horizon_pwm_h2,77.07668545447443,1.230923488701552,26.333333333333332,0.9833333333333333,0.0,0,0.0
lm_error,safe_neural_horizon_pwm_h3_thermal,77.15800998406043,1.520080988669294,29.0,0.9833333333333333,0.0,0,0.0
lm_error,safe_neural_horizon_pwm_h4_sparse,74.39302393107482,2.5180505008936698,16.666666666666668,0.8666666666666667,13.333333333333334,0,0.0
j_error,protected_ai_pwm_h1_baseline,77.06014230273753,1.2351679439686747,27.0,0.9833333333333333,0.0,0,0.0
j_error,fcs_mpc_one_step_baseline,76.9993830440974,2.148884626144443,9.666666666666666,1.0,0.0,0,0.0
j_error,foc_svm_key_baseline,77.02547383412721,1.654305478645685,21.333333333333332,1.0,0.0,0,0.0
j_error,dtc_hysteresis_baseline,77.09666271060765,0.2987446127181546,72.0,1.0,0.0,0,0.0
j_error,dtc_svm_baseline,77.07744969359196,0.9989674013561869,8.666666666666666,1.0,0.0,0,0.0
j_error,deadbeat_current_baseline,77.10095235376409,0.39815126603111756,5.666666666666667,1.0,0.0,0,0.0
j_error,sensorless_adaptive_foc_baseline,77.23046897501649,1.274858056189326,10.0,0.9166666666666666,0.0,0,0.0
j_error,safe_neural_horizon_pwm_h2,77.0689636354938,1.5997102289335372,28.333333333333332,0.9833333333333333,0.0,0,0.0
j_error,safe_neural_horizon_pwm_h3_thermal,77.0467357294872,1.4803649400409649,29.333333333333332,0.9833333333333333,0.3333333333333333,0,0.0
j_error,safe_neural_horizon_pwm_h4_sparse,76.57837110980684,2.6433895184201432,13.333333333333334,0.8666666666666667,14.333333333333334,0,0.0
random_load,protected_ai_pwm_h1_baseline,86.54266774754035,1.1802345745559464,22.333333333333332,1.0,0.0,0,0.0
random_load,fcs_mpc_one_step_baseline,86.33349652138259,2.43784755449852,8.0,1.0,0.0,0,0.0
random_load,foc_svm_key_baseline,86.39126505959041,1.359565690510431,23.666666666666668,1.0,0.0,0,0.0
random_load,dtc_hysteresis_baseline,86.4942070816449,0.2978436165274214,72.33333333333333,1.0,0.0,0,0.0
random_load,dtc_svm_baseline,86.45091958878591,0.8510331638447965,8.666666666666666,1.0,0.0,0,0.0
random_load,deadbeat_current_baseline,86.65054812897824,0.45880495127693877,5.333333333333333,1.0,0.0,0,0.0
random_load,sensorless_adaptive_foc_baseline,86.5626759948794,1.523973742392113,10.666666666666666,1.0,0.0,0,0.0
random_load,safe_neural_horizon_pwm_h2,86.48469283954198,1.3124834569991721,27.333333333333332,1.0,0.0,0,0.0
random_load,safe_neural_horizon_pwm_h3_thermal,86.45696175688785,1.1461065146821172,34.333333333333336,1.0,0.0,0,0.0
random_load,safe_neural_horizon_pwm_h4_sparse,86.2153981076214,2.7317500847172553,12.0,1.0,14.666666666666666,0,0.0
periodic_load,protected_ai_pwm_h1_baseline,86.50624427523474,1.1604028255486396,26.333333333333332,1.0,0.0,0,0.0
periodic_load,fcs_mpc_one_step_baseline,86.28884162682134,2.513160491289756,7.666666666666667,1.0,0.0,0,0.0
periodic_load,foc_svm_key_baseline,86.37228278319928,1.4944040190767434,21.666666666666668,1.0,0.0,0,0.0
periodic_load,dtc_hysteresis_baseline,86.50163548422763,0.2979483992454524,72.0,1.0,0.0,0,0.0
periodic_load,dtc_svm_baseline,86.48128373154242,0.9164700926976291,8.666666666666666,1.0,0.0,0,0.0
periodic_load,deadbeat_current_baseline,87.13337229813745,0.48436501583209707,5.0,1.0,0.0,0,0.0
periodic_load,sensorless_adaptive_foc_baseline,86.5917391804985,1.5124064560878185,11.333333333333334,1.0,0.0,0,0.0
periodic_load,safe_neural_horizon_pwm_h2,86.4689931833308,1.207607553174091,31.333333333333332,1.0,0.0,0,0.0
periodic_load,safe_neural_horizon_pwm_h3_thermal,86.4495337491954,1.1586197020241729,33.666666666666664,1.0,0.0,0,0.0
periodic_load,safe_neural_horizon_pwm_h4_sparse,86.41507055465952,2.2181895606081343,21.0,1.0,6.333333333333333,0,0.0
shock_load,protected_ai_pwm_h1_baseline,86.48978270666352,1.2254494937811546,25.333333333333332,1.0,0.0,0,0.0
shock_load,fcs_mpc_one_step_baseline,85.64714962463961,2.227958070388214,9.666666666666666,1.0,0.0,0,0.0
shock_load,foc_svm_key_baseline,86.33207577715973,1.3874550469461315,22.0,1.0,0.0,0,0.0
shock_load,dtc_hysteresis_baseline,86.45940563666892,0.29755435150328313,72.0,1.0,0.0,0,0.0
shock_load,dtc_svm_baseline,86.46768643875298,0.7054316386662877,8.0,1.0,0.0,0,0.0
shock_load,deadbeat_current_baseline,86.5743763308419,0.45493845526974613,5.0,1.0,0.0,0,0.0
shock_load,sensorless_adaptive_foc_baseline,86.47072651670898,1.4658494612738366,13.333333333333334,1.0,0.0,0,0.0
shock_load,safe_neural_horizon_pwm_h2,86.41558982869832,1.4064490505251401,34.0,1.0,0.0,0,0.0
shock_load,safe_neural_horizon_pwm_h3_thermal,86.42875020372253,1.132676086752072,34.0,1.0,0.0,0,0.0
shock_load,safe_neural_horizon_pwm_h4_sparse,86.27111131385648,2.3533891565607727,21.0,1.0,6.666666666666667,0,0.0
two_mass_proxy,protected_ai_pwm_h1_baseline,78.59507878739193,1.1644522913074857,24.333333333333332,1.0,0.0,0,0.0
two_mass_proxy,fcs_mpc_one_step_baseline,78.58633716628337,2.116138097704544,10.0,1.0,0.0,0,0.0
two_mass_proxy,foc_svm_key_baseline,78.53608047468897,1.640127739720153,22.0,1.0,0.0,0,0.0
two_mass_proxy,dtc_hysteresis_baseline,78.69133291604886,0.2994197287119061,72.0,1.0,0.0,0,0.0
two_mass_proxy,dtc_svm_baseline,78.64511663916846,0.9643667092333911,8.666666666666666,1.0,0.0,0,0.0
two_mass_proxy,deadbeat_current_baseline,79.96308043698583,0.44614364307283694,5.0,1.0,0.0,0,0.0
two_mass_proxy,sensorless_adaptive_foc_baseline,78.68316447504765,1.3347720777513867,11.333333333333334,1.0,0.0,0,0.0
two_mass_proxy,safe_neural_horizon_pwm_h2,78.60894986923626,1.3371728504782376,30.666666666666668,1.0,0.0,0,0.0
two_mass_proxy,safe_neural_horizon_pwm_h3_thermal,78.64437615936453,1.5375960497790313,26.333333333333332,1.0,0.0,0,0.0
two_mass_proxy,safe_neural_horizon_pwm_h4_sparse,78.52432587640216,2.454630291723676,16.666666666666668,1.0,7.333333333333333,0,0.0
current_sensor_noise,protected_ai_pwm_h1_baseline,77.15508242931435,1.265776771289917,24.333333333333332,0.9833333333333333,0.0,0,0.0
current_sensor_noise,fcs_mpc_one_step_baseline,76.65857286097612,2.516591819533406,8.0,1.0,0.0,0,0.0
current_sensor_noise,foc_svm_key_baseline,77.02659401293539,1.2099528885714568,20.666666666666668,1.0,0.0,0,0.0
current_sensor_noise,dtc_hysteresis_baseline,77.11144962719099,0.29687411950247333,72.0,1.0,0.0,0,0.0
current_sensor_noise,dtc_svm_baseline,77.16129719958656,0.8087337110768257,8.0,1.0,0.0,0,0.0
current_sensor_noise,deadbeat_current_baseline,77.12606684410501,0.43689719410547395,5.333333333333333,1.0,0.0,0,0.0
current_sensor_noise,sensorless_adaptive_foc_baseline,77.3236127962726,1.040963407723802,9.333333333333334,0.9166666666666666,0.0,0,0.0
current_sensor_noise,safe_neural_horizon_pwm_h2,77.07634429606726,1.2492082211103952,30.666666666666668,0.9833333333333333,0.0,0,0.0
current_sensor_noise,safe_neural_horizon_pwm_h3_thermal,77.14618001040829,1.45071515337003,27.333333333333332,0.9833333333333333,0.0,0,0.0
current_sensor_noise,safe_neural_horizon_pwm_h4_sparse,76.94420960168138,2.697654932196959,15.333333333333334,0.8666666666666667,15.0,1,0.0
speed_sensor_noise,protected_ai_pwm_h1_baseline,77.2125427674331,1.1516148929332242,21.333333333333332,0.9888888888888889,0.0,0,0.0
speed_sensor_noise,fcs_mpc_one_step_baseline,77.02590847998736,2.080733050072472,11.333333333333334,1.0,0.0,0,0.0
speed_sensor_noise,foc_svm_key_baseline,77.03153653574248,1.3294462689285325,22.333333333333332,1.0,0.0,0,0.0
speed_sensor_noise,dtc_hysteresis_baseline,77.08705900213418,0.2957076498199175,72.0,1.0,0.0,0,0.0
speed_sensor_noise,dtc_svm_baseline,77.23242171662731,0.9802714117030581,10.0,1.0,0.0,0,0.0
speed_sensor_noise,deadbeat_current_baseline,77.08589260877807,0.4135061455155693,5.333333333333333,1.0,0.0,0,0.0
speed_sensor_noise,sensorless_adaptive_foc_baseline,77.71976583434956,1.1914178152959949,10.666666666666666,0.9166666666666666,0.0,0,0.0
speed_sensor_noise,safe_neural_horizon_pwm_h2,77.1277311722651,1.2787779254912013,30.666666666666668,0.9888888888888889,0.0,0,0.0
speed_sensor_noise,safe_neural_horizon_pwm_h3_thermal,77.10191151916435,1.6088592220567615,27.333333333333332,0.9944444444444445,2.3333333333333335,0,0.0
speed_sensor_noise,safe_neural_horizon_pwm_h4_sparse,76.95926401699968,2.740590680437167,16.333333333333332,0.8666666666666667,25.666666666666668,0,0.0
sensor_delay,protected_ai_pwm_h1_baseline,77.00057694144986,1.65408073281617,21.333333333333332,0.26666666666666666,3.3333333333333335,0,0.0
sensor_delay,fcs_mpc_one_step_baseline,75.75213216318986,2.9884617338983084,10.0,0.38333333333333336,0.0,0,0.0
sensor_delay,foc_svm_key_baseline,76.77276231099836,2.164247068137007,14.666666666666666,0.38333333333333336,0.0,0,0.0
sensor_delay,dtc_hysteresis_baseline,77.10358024446977,0.29897518970520204,72.0,0.38333333333333336,0.0,0,0.0
sensor_delay,dtc_svm_baseline,77.22821909872283,1.2488992035134137,2.0,0.38333333333333336,0.0,0,0.0
sensor_delay,deadbeat_current_baseline,77.13145524457214,0.8166038381035404,12.666666666666666,0.38333333333333336,0.0,0,0.0
sensor_delay,sensorless_adaptive_foc_baseline,77.3932733834193,1.50515187007786,8.0,0.20000000000000004,0.0,0,0.0
sensor_delay,safe_neural_horizon_pwm_h2,77.03631434133176,1.496729221970026,37.666666666666664,0.25,0.0,0,0.0
sensor_delay,safe_neural_horizon_pwm_h3_thermal,77.66522057081873,1.4062979424373523,32.666666666666664,0.25,0.0,0,0.0
sensor_delay,safe_neural_horizon_pwm_h4_sparse,77.1543710020513,2.1538455349223278,19.666666666666668,0.13333333333333333,19.0,0,0.0
speed_sensor_failure,protected_ai_pwm_h1_baseline,77.11640951982464,1.17956726028679,24.666666666666668,0.26666666666666666,0.0,0,0.0
speed_sensor_failure,fcs_mpc_one_step_baseline,75.76714797015865,2.2547550500161067,9.333333333333334,0.38333333333333336,0.0,0,0.0
speed_sensor_failure,foc_svm_key_baseline,77.03036514890738,1.279932556848687,21.333333333333332,0.38333333333333336,0.0,0,0.0
speed_sensor_failure,dtc_hysteresis_baseline,77.23363354385073,0.3006134677703436,72.0,0.38333333333333336,0.0,0,0.0
speed_sensor_failure,dtc_svm_baseline,77.89613840323393,0.7417074780888742,8.0,0.38333333333333336,0.0,0,0.0
speed_sensor_failure,deadbeat_current_baseline,77.31944004189434,0.4355358676864159,5.666666666666667,0.38333333333333336,0.0,0,0.0
speed_sensor_failure,sensorless_adaptive_foc_baseline,77.1584477785778,1.3309567707329057,10.666666666666666,0.20000000000000004,0.0,0,0.0
speed_sensor_failure,safe_neural_horizon_pwm_h2,77.13942561252375,1.2385917196937108,31.0,0.25,0.0,0,0.0
speed_sensor_failure,safe_neural_horizon_pwm_h3_thermal,77.07557908245256,1.263807650612408,32.0,0.25,0.0,0,0.0
speed_sensor_failure,safe_neural_horizon_pwm_h4_sparse,76.67050841191137,2.7028380388251496,11.0,0.13333333333333333,25.0,0,0.0
current_sensor_failure,protected_ai_pwm_h1_baseline,77.35892902695879,1.2591295046775852,21.333333333333332,0.9833333333333333,0.0,0,0.0
current_sensor_failure,fcs_mpc_one_step_baseline,76.36360539508765,2.5027705845572448,7.0,1.0,0.0,0,0.0
current_sensor_failure,foc_svm_key_baseline,77.01595249123143,1.3931537356538872,20.666666666666668,1.0,0.0,0,0.0
current_sensor_failure,dtc_hysteresis_baseline,77.11215982205023,0.29764654530548545,72.33333333333333,1.0,0.0,0,0.0
current_sensor_failure,dtc_svm_baseline,77.76556475434644,0.7291813178760229,8.0,1.0,0.0,0,0.0
current_sensor_failure,deadbeat_current_baseline,77.12519480465419,0.42866011548010813,5.0,1.0,0.0,0,0.0
current_sensor_failure,sensorless_adaptive_foc_baseline,77.13558404975838,1.2621994449559197,10.0,0.9166666666666666,0.0,0,0.0
current_sensor_failure,safe_neural_horizon_pwm_h2,77.2904650105833,1.2761436554617356,24.0,0.9833333333333333,0.0,0,0.0
current_sensor_failure,safe_neural_horizon_pwm_h3_thermal,77.08035236891453,1.4752349513079615,28.333333333333332,0.9833333333333333,0.0,0,0.0
current_sensor_failure,safe_neural_horizon_pwm_h4_sparse,76.99037266704882,2.61868745851736,17.666666666666668,0.8666666666666667,12.333333333333334,0,0.0
ood,protected_ai_pwm_h1_baseline,77.0939925764612,1.1494602134191534,17.666666666666668,0.9833333333333333,0.0,0,0.0
ood,fcs_mpc_one_step_baseline,77.12964166382874,1.6252690390666853,13.333333333333334,1.0,0.0,0,0.0
ood,foc_svm_key_baseline,77.06566727762916,1.9633929242244292,26.0,1.0,0.0,0,0.0
ood,dtc_hysteresis_baseline,77.10456010832229,0.30241878388301424,72.66666666666667,1.0,0.3333333333333333,0,0.0
ood,dtc_svm_baseline,77.0716423644738,1.3130338604411464,18.333333333333332,1.0,0.0,0,0.0
ood,deadbeat_current_baseline,77.10326744735166,0.47109497254005733,5.333333333333333,1.0,0.0,0,0.0
ood,sensorless_adaptive_foc_baseline,77.05800874155544,1.9894317835412867,26.0,0.9166666666666666,0.0,0,0.0
ood,safe_neural_horizon_pwm_h2,77.10936869790537,1.0829216028021194,23.666666666666668,0.9833333333333333,0.0,0,0.0
ood,safe_neural_horizon_pwm_h3_thermal,77.09971756007721,1.1987484283679082,34.0,0.9833333333333333,0.0,0,0.0
ood,safe_neural_horizon_pwm_h4_sparse,77.06780663380268,1.4606584042516142,35.333333333333336,0.8666666666666667,0.3333333333333333,0,0.0
fault_injection_runtime,protected_ai_pwm_h1_baseline,77.10064790889199,0.9572316488892992,12.0,0.9833333333333333,30.0,3,0.0
fault_injection_runtime,fcs_mpc_one_step_baseline,76.80609178159769,1.5922048792687848,8.0,1.0,30.0,3,0.0
fault_injection_runtime,foc_svm_key_baseline,77.03492961561383,1.107066409880369,12.666666666666666,1.0,30.0,3,0.0
fault_injection_runtime,dtc_hysteresis_baseline,77.19370794890422,0.23770207766414878,38.0,1.0,30.0,3,0.0
fault_injection_runtime,dtc_svm_baseline,77.09777248377485,0.6679585917008408,6.0,1.0,30.0,3,0.0
fault_injection_runtime,deadbeat_current_baseline,77.33210237942467,0.0,0.0,1.0,30.0,3,0.0
fault_injection_runtime,sensorless_adaptive_foc_baseline,77.11975066203944,1.2310615691317635,7.333333333333333,0.9166666666666666,30.0,3,0.0
fault_injection_runtime,safe_neural_horizon_pwm_h2,77.10862407980818,0.8667920567255941,14.666666666666666,0.9833333333333333,30.0,3,0.0
fault_injection_runtime,safe_neural_horizon_pwm_h3_thermal,77.17977320734623,0.9374648789843506,16.666666666666668,0.9833333333333333,30.0,3,0.0
fault_injection_runtime,safe_neural_horizon_pwm_h4_sparse,77.03500421113748,1.5193962604463909,14.0,0.8666666666666667,30.0,3,0.0
sensor_dropout,protected_ai_pwm_h1_baseline,77.10050399277513,1.138451128733381,21.666666666666668,0.26666666666666666,0.0,0,0.0
sensor_dropout,fcs_mpc_one_step_baseline,76.95402496399406,2.293379664658396,9.0,0.38333333333333336,0.0,0,0.0
sensor_dropout,foc_svm_key_baseline,77.0218860791684,1.3336843677873549,22.333333333333332,0.38333333333333336,0.0,0,0.0
sensor_dropout,dtc_hysteresis_baseline,77.1061402880344,0.2983427833454893,72.0,0.38333333333333336,0.0,0,0.0
sensor_dropout,dtc_svm_baseline,77.28081422160379,0.7834742840053343,8.666666666666666,0.38333333333333336,0.0,0,0.0
sensor_dropout,deadbeat_current_baseline,77.32601826666617,0.42152941958344564,5.0,0.38333333333333336,0.0,0,0.0
sensor_dropout,sensorless_adaptive_foc_baseline,77.13198389885166,1.3423300831368952,10.666666666666666,0.20000000000000004,0.0,0,0.0
sensor_dropout,safe_neural_horizon_pwm_h2,77.16166043194274,1.2375071172834724,33.666666666666664,0.25,0.0,0,0.0
sensor_dropout,safe_neural_horizon_pwm_h3_thermal,77.07837464176004,1.2126214959607184,32.666666666666664,0.25,0.0,0,0.0
sensor_dropout,safe_neural_horizon_pwm_h4_sparse,74.41307861079933,2.7390955303676208,15.0,0.13333333333333333,21.666666666666668,0,0.0
