Net,Ref,Pin,Domain,Component
AC_L,J_AC_IN,L,HV,230VAC INPUT
AC_L,F1,1,HV,F1_VALUE_BY_LOAD slow-blow 250VAC
AC_L_FUSED,F1,2,HV,F1_VALUE_BY_LOAD slow-blow 250VAC
AC_L_FUSED,MOV1,1,HV,S14K300
AC_L_FUSED,BR1,AC1,HV,KBPC5010
AC_L_FUSED,PS1,AC1,BARRIER,HLK-20M15
AC_N,J_AC_IN,N,HV,230VAC INPUT
AC_N,MOV1,2,HV,S14K300
AC_N,BR1,AC2,HV,KBPC5010
AC_N,PS1,AC2,BARRIER,HLK-20M15
ADC_IA,R_ADC_IA,2,HOT,100R
ADC_IA,U_BP,PA0,HOT,Blue Pill STM32F103C8T6
ADC_IB,R_ADC_IB,2,HOT,100R
ADC_IB,U_BP,PA1,HOT,Blue Pill STM32F103C8T6
ADC_IC,R_ADC_IC,2,HOT,100R
ADC_IC,U_BP,PA4,HOT,Blue Pill STM32F103C8T6
ADC_PHASE_A,R_ADC_PHASE_A,2,HOT,100R
ADC_PHASE_A,U_BP,PA6,HOT,Blue Pill STM32F103C8T6
ADC_PHASE_B,R_ADC_PHASE_B,2,HOT,100R
ADC_PHASE_B,U_BP,PA7,HOT,Blue Pill STM32F103C8T6
ADC_TEMP,R_ADC_TEMP,2,HOT,100R
ADC_TEMP,U_BP,PB0,HOT,Blue Pill STM32F103C8T6
ADC_VBUS,R_ADC_VBUS,2,HOT,100R
ADC_VBUS,U_BP,PA5,HOT,Blue Pill STM32F103C8T6
BLEEDER_1,RB1,2,HV,100K 0.5W HV-rated
BLEEDER_1,RB2,1,HV,100K 0.5W HV-rated
BLEEDER_2,RB2,2,HV,100K 0.5W HV-rated
BLEEDER_2,RB3,1,HV,100K 0.5W HV-rated
BLEEDER_3,RB3,2,HV,100K 0.5W HV-rated
BLEEDER_3,RB4,1,HV,100K 0.5W HV-rated
BP_PA10_RAW,U_BP,PA10,HOT,Blue Pill STM32F103C8T6
BP_PA10_RAW,R_PWM_WH,1,HOT,33R
BP_PA8_RAW,U_BP,PA8,HOT,Blue Pill STM32F103C8T6
BP_PA8_RAW,R_PWM_UH,1,HOT,33R
BP_PA9_RAW,U_BP,PA9,HOT,Blue Pill STM32F103C8T6
BP_PA9_RAW,R_PWM_VH,1,HOT,33R
BP_PB13_RAW,U_BP,PB13,HOT,Blue Pill STM32F103C8T6
BP_PB13_RAW,R_PWM_UL,1,HOT,33R
BP_PB14_RAW,U_BP,PB14,HOT,Blue Pill STM32F103C8T6
BP_PB14_RAW,R_PWM_VL,1,HOT,33R
BP_PB15_RAW,U_BP,PB15,HOT,Blue Pill STM32F103C8T6
BP_PB15_RAW,R_PWM_WL,1,HOT,33R
BP_RX_PA3,U_UART_ISO,RX_HOT_OUT,BARRIER,ISO7721DWR reinforced 1/1 UART isolator
BP_RX_PA3,U_BP,PA3,HOT,Blue Pill STM32F103C8T6
BP_TX_PA2,U_BP,PA2,HOT,Blue Pill STM32F103C8T6
BP_TX_PA2,U_UART_ISO,TX_HOT_IN,BARRIER,ISO7721DWR reinforced 1/1 UART isolator
BRAKE_TO_STEVAL,R_BRAKE,2,HOT,100R
BRAKE_TO_STEVAL,J_STEVAL_J2,P23,HOT,STEVAL-IPM15B J2
BRAKE_TO_STEVAL,R_BRAKE_PD,1,HOT,47K
EM_STOP_TO_STEVAL,R_ESTOP_OUT,2,HOT,220R
EM_STOP_TO_STEVAL,R_ESTOP_PD,1,HOT,47K
EM_STOP_TO_STEVAL,J_STEVAL_J2,P1,HOT,STEVAL-IPM15B J2
ESTOP_GATE_OUT,U_ESTOP_AND,Y,HOT,SN74LVC1G08DBVR
ESTOP_GATE_OUT,R_ESTOP_OUT,1,HOT,220R
ESTOP_LED_A,R_ESTOP_LED,2,SAFE,680R
ESTOP_LED_A,U_ESTOP_OPTO,LED_A,BARRIER,LTV-817
ESTOP_LOOP_RETURN,J_ESTOP,RETURN,SAFE,NC PWM-INHIBIT LOOP / E-STOP AUX CONTACT
ESTOP_LOOP_RETURN,R_ESTOP_LED,1,SAFE,680R
ESTOP_N,R_ESTOP_PULL,2,HOT,10K
ESTOP_N,U_ESTOP_OPTO,C,BARRIER,LTV-817
ESTOP_N,U_ESTOP_INV,A,HOT,SN74LVC1G14DBVR
ESTOP_OK,U_ESTOP_INV,Y,HOT,SN74LVC1G14DBVR
ESTOP_OK,U_ESTOP_AND,B,HOT,SN74LVC1G08DBVR
EXTERNAL_HOT_15V,J_HOT15_EXT,PLUS,HOT,ISOLATED 15V BENCH INPUT - HV OFF
EXTERNAL_HOT_15V,JP_HOT15_SRC,EXTERNAL,HOT,ONBOARD/EXTERNAL 15V SELECT
EXT_SAFE_3V3,J_SAFE_3V3,V3V3,SAFE,SAFE 3.3V INPUT
EXT_SAFE_3V3,JP_SAFE_3V3,EXT,SAFE,UNOQ/EXT 3V3 SELECT
FAN_NPN_BASE,R_FAN_BASE,2,HOT,1K
FAN_NPN_BASE,Q_FAN_N,B,HOT,MMBT2222A-7-F (Diodes Inc.)
FAN_NPN_BASE,R_FAN_BPD,1,HOT,47K
FAN_PWM_OC,Q_FAN_N,C,HOT,MMBT2222A-7-F (Diodes Inc.)
FAN_PWM_OC,J_FAN,PWM,HOT,4-PIN PWM FAN; 3-PIN = FULL SPEED
FAN_TACH_RAW,J_FAN,TACH,HOT,4-PIN PWM FAN; 3-PIN = FULL SPEED
FAN_TACH_RAW,R_TACH_SER,1,HOT,1K
FAN_TACH_RAW,R_TACH_PU,2,HOT,10K
HOT_12V,U_BUCK12,OUT,HOT,"15V to 12V, >=2A"
HOT_12V,K1,COIL_PLUS,HV,"TE Mini K HV 2-1904058-5, 12V coil, 400VDC/20A"
HOT_12V,D_K1,K,HOT,SS14
HOT_12V,J_FAN,V12,HOT,4-PIN PWM FAN; 3-PIN = FULL SPEED
HOT_12V,C_FAN_BULK,PLUS,HOT,100uF 25V
HOT_12V,C_FAN_HF,1,HOT,100nF 25V
HOT_15V,JP_HOT15_SRC,COMMON,HOT,ONBOARD/EXTERNAL 15V SELECT
HOT_15V,U_BUCK12,IN,HOT,"15V to 12V, >=2A"
HOT_15V,U_BUCK5,IN,HOT,"15V to 5V, >=1A"
HOT_15V,U_BUCK3V3,IN,HOT,"15V to 3.3V, >=1A"
HOT_15V,J_STEVAL_J4,PLUS,HOT,STEVAL J4 AUX
HOT_3V3,U_BUCK3V3,OUT,HOT,"15V to 3.3V, >=1A"
HOT_3V3,U_BP,3V3,HOT,Blue Pill STM32F103C8T6
HOT_3V3,J_STEVAL_J2,P28,HOT,STEVAL-IPM15B J2
HOT_3V3,J_STEVAL_J2,P29,HOT,STEVAL-IPM15B J2
HOT_3V3,U_UART_ISO,VCC_HOT,BARRIER,ISO7721DWR reinforced 1/1 UART isolator
HOT_3V3,C_UART_HOT,1,HOT,100nF
HOT_3V3,U_LA1,VCC_HOT,BARRIER,ISO7740FDWR reinforced 4/0 monitor
HOT_3V3,U_LA2,VCC_HOT,BARRIER,ISO7740FDWR reinforced 4/0 monitor
HOT_3V3,C_LA1_HOT,1,HOT,100nF
HOT_3V3,C_LA2_HOT,1,HOT,100nF
HOT_3V3,R_ESTOP_PULL,1,HOT,10K
HOT_3V3,U_ESTOP_INV,VCC,HOT,SN74LVC1G14DBVR
HOT_3V3,U_ESTOP_AND,VCC,HOT,SN74LVC1G08DBVR
HOT_3V3,C_ESTOP_INV,1,HOT,100nF
HOT_3V3,C_ESTOP_AND,1,HOT,100nF
HOT_3V3,R_TACH_PU,1,HOT,10K
HOT_3V3,J_AS5600,VCC,HOT,AS5600 I2C
HOT_3V3,R_SCL_PU,1,HOT,4.7K DNP if module fitted
HOT_3V3,R_SDA_PU,1,HOT,4.7K DNP if module fitted
HOT_3V3,J_SWD,VREF,HOT,HOT SWD - HV OFF ONLY
HOT_5V,U_BUCK5,OUT,HOT,"15V to 5V, >=1A"
HOT_5V,J_STEVAL_J2,P25,HOT,STEVAL-IPM15B J2
HV_DC_MINUS_HOT_GND,BR1,MINUS,HV,KBPC5010
HV_DC_MINUS_HOT_GND,C_HV,MINUS,HV,"220uF 450V, optional if STEVAL C1 fitted"
HV_DC_MINUS_HOT_GND,RB4,2,HV,100K 0.5W HV-rated
HV_DC_MINUS_HOT_GND,J_J7,MINUS,HV,TO STEVAL J7
HV_DC_MINUS_HOT_GND,PS1,GND_OUT,BARRIER,HLK-20M15
HV_DC_MINUS_HOT_GND,J_HOT15_EXT,RETURN,HOT,ISOLATED 15V BENCH INPUT - HV OFF
HV_DC_MINUS_HOT_GND,U_BUCK12,GND,HOT,"15V to 12V, >=2A"
HV_DC_MINUS_HOT_GND,U_BUCK5,GND,HOT,"15V to 5V, >=1A"
HV_DC_MINUS_HOT_GND,U_BUCK3V3,GND,HOT,"15V to 3.3V, >=1A"
HV_DC_MINUS_HOT_GND,J_STEVAL_J4,RETURN,HOT,STEVAL J4 AUX
HV_DC_MINUS_HOT_GND,U_BP,GND,HOT,Blue Pill STM32F103C8T6
HV_DC_MINUS_HOT_GND,Q1,S,HOT,AO3400A (AOS)
HV_DC_MINUS_HOT_GND,R_Q1_PD,2,HOT,100K
HV_DC_MINUS_HOT_GND,U_UART_ISO,GND_HOT,BARRIER,ISO7721DWR reinforced 1/1 UART isolator
HV_DC_MINUS_HOT_GND,C_UART_HOT,2,HOT,100nF
HV_DC_MINUS_HOT_GND,U_LA1,GND_HOT,BARRIER,ISO7740FDWR reinforced 4/0 monitor
HV_DC_MINUS_HOT_GND,U_LA2,GND_HOT,BARRIER,ISO7740FDWR reinforced 4/0 monitor
HV_DC_MINUS_HOT_GND,C_LA1_HOT,2,HOT,100nF
HV_DC_MINUS_HOT_GND,C_LA2_HOT,2,HOT,100nF
HV_DC_MINUS_HOT_GND,U_ESTOP_OPTO,E,BARRIER,LTV-817
HV_DC_MINUS_HOT_GND,U_ESTOP_INV,GND,HOT,SN74LVC1G14DBVR
HV_DC_MINUS_HOT_GND,U_ESTOP_AND,GND,HOT,SN74LVC1G08DBVR
HV_DC_MINUS_HOT_GND,R_ESTOP_PD,2,HOT,47K
HV_DC_MINUS_HOT_GND,R_PB12_PD,2,HOT,47K
HV_DC_MINUS_HOT_GND,C_ESTOP_INV,2,HOT,100nF
HV_DC_MINUS_HOT_GND,C_ESTOP_AND,2,HOT,100nF
HV_DC_MINUS_HOT_GND,Q_FAN_N,E,HOT,MMBT2222A-7-F (Diodes Inc.)
HV_DC_MINUS_HOT_GND,R_FAN_BPD,2,HOT,47K
HV_DC_MINUS_HOT_GND,J_FAN,GND,HOT,4-PIN PWM FAN; 3-PIN = FULL SPEED
HV_DC_MINUS_HOT_GND,C_FAN_BULK,MINUS,HOT,100uF 25V
HV_DC_MINUS_HOT_GND,C_FAN_HF,2,HOT,100nF 25V
HV_DC_MINUS_HOT_GND,J_AS5600,GND,HOT,AS5600 I2C
HV_DC_MINUS_HOT_GND,J_SWD,GND,HOT,HOT SWD - HV OFF ONLY
HV_DC_MINUS_HOT_GND,J_STEVAL_J2,P2,HOT,STEVAL-IPM15B J2
HV_DC_MINUS_HOT_GND,J_STEVAL_J2,P4,HOT,STEVAL-IPM15B J2
HV_DC_MINUS_HOT_GND,J_STEVAL_J2,P6,HOT,STEVAL-IPM15B J2
HV_DC_MINUS_HOT_GND,J_STEVAL_J2,P8,HOT,STEVAL-IPM15B J2
HV_DC_MINUS_HOT_GND,J_STEVAL_J2,P10,HOT,STEVAL-IPM15B J2
HV_DC_MINUS_HOT_GND,J_STEVAL_J2,P12,HOT,STEVAL-IPM15B J2
HV_DC_MINUS_HOT_GND,J_STEVAL_J2,P16,HOT,STEVAL-IPM15B J2
HV_DC_MINUS_HOT_GND,J_STEVAL_J2,P18,HOT,STEVAL-IPM15B J2
HV_DC_MINUS_HOT_GND,J_STEVAL_J2,P20,HOT,STEVAL-IPM15B J2
HV_DC_MINUS_HOT_GND,J_STEVAL_J2,P22,HOT,STEVAL-IPM15B J2
HV_DC_MINUS_HOT_GND,J_STEVAL_J2,P24,HOT,STEVAL-IPM15B J2
HV_DC_MINUS_HOT_GND,J_STEVAL_J2,P30,HOT,STEVAL-IPM15B J2
HV_DC_MINUS_HOT_GND,J_STEVAL_J2,P32,HOT,STEVAL-IPM15B J2
HV_DC_MINUS_HOT_GND,R_PWM_UH_PD,2,HOT,47K
HV_DC_MINUS_HOT_GND,R_PWM_UL_PD,2,HOT,47K
HV_DC_MINUS_HOT_GND,R_PWM_VH_PD,2,HOT,47K
HV_DC_MINUS_HOT_GND,R_PWM_VL_PD,2,HOT,47K
HV_DC_MINUS_HOT_GND,R_PWM_WH_PD,2,HOT,47K
HV_DC_MINUS_HOT_GND,R_PWM_WL_PD,2,HOT,47K
HV_DC_MINUS_HOT_GND,R_PFC_PD,2,HOT,47K
HV_DC_MINUS_HOT_GND,R_BRAKE_PD,2,HOT,47K
HV_DC_PLUS,RPRE2,2,HV,20R 25W pulse-rated
HV_DC_PLUS,K1,NO,HV,"TE Mini K HV 2-1904058-5, 12V coil, 400VDC/20A"
HV_DC_PLUS,C_HV,PLUS,HV,"220uF 450V, optional if STEVAL C1 fitted"
HV_DC_PLUS,RB1,1,HV,100K 0.5W HV-rated
HV_DC_PLUS,J_J7,PLUS,HV,TO STEVAL J7
K1_COIL_LOW,K1,COIL_LOW,HV,"TE Mini K HV 2-1904058-5, 12V coil, 400VDC/20A"
K1_COIL_LOW,Q1,D,HOT,AO3400A (AOS)
K1_COIL_LOW,D_K1,A,HOT,SS14
NRST,U_BP,NRST,HOT,Blue Pill STM32F103C8T6
NRST,J_SWD,NRST,HOT,HOT SWD - HV OFF ONLY
ONBOARD_HOT_15V,PS1,VOUT,BARRIER,HLK-20M15
ONBOARD_HOT_15V,JP_HOT15_SRC,ONBOARD,HOT,ONBOARD/EXTERNAL 15V SELECT
PA11_FAN_TACH,R_TACH_SER,2,HOT,1K
PA11_FAN_TACH,U_BP,PA11,HOT,Blue Pill STM32F103C8T6
PA13_SWDIO,U_BP,PA13,HOT,Blue Pill STM32F103C8T6
PA13_SWDIO,J_SWD,SWDIO,HOT,HOT SWD - HV OFF ONLY
PA14_SWCLK,U_BP,PA14,HOT,Blue Pill STM32F103C8T6
PA14_SWCLK,J_SWD,SWCLK,HOT,HOT SWD - HV OFF ONLY
PB10_AS5600_SCL,U_BP,PB10,HOT,Blue Pill STM32F103C8T6
PB10_AS5600_SCL,J_AS5600,SCL,HOT,AS5600 I2C
PB10_AS5600_SCL,R_SCL_PU,2,HOT,4.7K DNP if module fitted
PB11_AS5600_SDA,U_BP,PB11,HOT,Blue Pill STM32F103C8T6
PB11_AS5600_SDA,J_AS5600,SDA,HOT,AS5600 I2C
PB11_AS5600_SDA,R_SDA_PU,2,HOT,4.7K DNP if module fitted
PB12_RUN,U_BP,PB12,HOT,Blue Pill STM32F103C8T6
PB12_RUN,U_ESTOP_AND,A,HOT,SN74LVC1G08DBVR
PB12_RUN,U_LA2,HI3,BARRIER,ISO7740FDWR reinforced 4/0 monitor
PB12_RUN,R_PB12_PD,1,HOT,47K
PB3_FAN_PWM,U_BP,PB3,HOT,Blue Pill STM32F103C8T6
PB3_FAN_PWM,R_FAN_BASE,1,HOT,1K
PB4_PRECHARGE,U_BP,PB4,HOT,Blue Pill STM32F103C8T6
PB4_PRECHARGE,R_Q1_GATE,1,HOT,100R
PB4_PRECHARGE,U_LA2,HI4,BARRIER,ISO7740FDWR reinforced 4/0 monitor
PB5_PFC_SYNC,U_BP,PB5,HOT,Blue Pill STM32F103C8T6
PB5_PFC_SYNC,R_PFC,1,HOT,100R
PB9_BRAKE_PWM,U_BP,PB9,HOT,Blue Pill STM32F103C8T6
PB9_BRAKE_PWM,R_BRAKE,1,HOT,100R
PC_RX,J_PC_UART,RX,SAFE,"USB-UART SAFE SIDE, 3.3V LOGIC"
PC_RX,JP_UART_RX,PC,SAFE,UNOQ/PC RX SELECT
PC_TX,J_PC_UART,TX,SAFE,"USB-UART SAFE SIDE, 3.3V LOGIC"
PC_TX,JP_UART_TX,PC,SAFE,UNOQ/PC TX SELECT
PE_CHASSIS,J_AC_IN,PE,HV,230VAC INPUT
PE_CHASSIS,J_PE,PE,HV,PE / CHASSIS / MOTOR FRAME
PFC_TO_STEVAL,R_PFC,2,HOT,100R
PFC_TO_STEVAL,J_STEVAL_J2,P27,HOT,STEVAL-IPM15B J2
PFC_TO_STEVAL,R_PFC_PD,1,HOT,47K
PRECHARGE_MID,RPRE1,2,HV,20R 25W pulse-rated
PRECHARGE_MID,RPRE2,1,HV,20R 25W pulse-rated
PWM_UH,R_PWM_UH,2,HOT,33R
PWM_UH,J_STEVAL_J2,P3,HOT,STEVAL-IPM15B J2
PWM_UH,U_LA1,HI1,BARRIER,ISO7740FDWR reinforced 4/0 monitor
PWM_UH,R_PWM_UH_PD,1,HOT,47K
PWM_UL,R_PWM_UL,2,HOT,33R
PWM_UL,J_STEVAL_J2,P5,HOT,STEVAL-IPM15B J2
PWM_UL,U_LA1,HI2,BARRIER,ISO7740FDWR reinforced 4/0 monitor
PWM_UL,R_PWM_UL_PD,1,HOT,47K
PWM_VH,R_PWM_VH,2,HOT,33R
PWM_VH,J_STEVAL_J2,P7,HOT,STEVAL-IPM15B J2
PWM_VH,U_LA1,HI3,BARRIER,ISO7740FDWR reinforced 4/0 monitor
PWM_VH,R_PWM_VH_PD,1,HOT,47K
PWM_VL,R_PWM_VL,2,HOT,33R
PWM_VL,J_STEVAL_J2,P9,HOT,STEVAL-IPM15B J2
PWM_VL,U_LA1,HI4,BARRIER,ISO7740FDWR reinforced 4/0 monitor
PWM_VL,R_PWM_VL_PD,1,HOT,47K
PWM_WH,R_PWM_WH,2,HOT,33R
PWM_WH,J_STEVAL_J2,P11,HOT,STEVAL-IPM15B J2
PWM_WH,U_LA2,HI1,BARRIER,ISO7740FDWR reinforced 4/0 monitor
PWM_WH,R_PWM_WH_PD,1,HOT,47K
PWM_WL,R_PWM_WL,2,HOT,33R
PWM_WL,J_STEVAL_J2,P13,HOT,STEVAL-IPM15B J2
PWM_WL,U_LA2,HI2,BARRIER,ISO7740FDWR reinforced 4/0 monitor
PWM_WL,R_PWM_WL_PD,1,HOT,47K
Q1_GATE,R_Q1_GATE,2,HOT,100R
Q1_GATE,Q1,G,HOT,AO3400A (AOS)
Q1_GATE,R_Q1_PD,1,HOT,100K
RECT_DC_PLUS,BR1,PLUS,HV,KBPC5010
RECT_DC_PLUS,RPRE1,1,HV,20R 25W pulse-rated
RECT_DC_PLUS,K1,COM,HV,"TE Mini K HV 2-1904058-5, 12V coil, 400VDC/20A"
SAFE_3V3,JP_SAFE_3V3,COMMON,SAFE,UNOQ/EXT 3V3 SELECT
SAFE_3V3,U_UART_ISO,VCC_SAFE,BARRIER,ISO7721DWR reinforced 1/1 UART isolator
SAFE_3V3,C_UART_SAFE,1,SAFE,100nF
SAFE_3V3,U_LA1,VCC_SAFE,BARRIER,ISO7740FDWR reinforced 4/0 monitor
SAFE_3V3,U_LA2,VCC_SAFE,BARRIER,ISO7740FDWR reinforced 4/0 monitor
SAFE_3V3,C_LA1_SAFE,1,SAFE,100nF
SAFE_3V3,C_LA2_SAFE,1,SAFE,100nF
SAFE_3V3,U_LA1,EN_SAFE,BARRIER,ISO7740FDWR reinforced 4/0 monitor
SAFE_3V3,U_LA2,EN_SAFE,BARRIER,ISO7740FDWR reinforced 4/0 monitor
SAFE_3V3,R_UART_TX_PU,1,SAFE,47K
SAFE_5V,J_SAFE_5V,V5,SAFE,SAFE 5V FOR E-STOP LOOP
SAFE_5V,J_ESTOP,OUT,SAFE,NC PWM-INHIBIT LOOP / E-STOP AUX CONTACT
SAFE_GND,U_UNOQ,GND,SAFE,Arduino UNO Q
SAFE_GND,J_SAFE_DC_IN,GND,SAFE,UNO Q SAFE 7-24V
SAFE_GND,J_PC_UART,GND,SAFE,"USB-UART SAFE SIDE, 3.3V LOGIC"
SAFE_GND,J_SAFE_3V3,GND,SAFE,SAFE 3.3V INPUT
SAFE_GND,J_SAFE_5V,GND,SAFE,SAFE 5V FOR E-STOP LOOP
SAFE_GND,U_UART_ISO,GND_SAFE,BARRIER,ISO7721DWR reinforced 1/1 UART isolator
SAFE_GND,C_UART_SAFE,2,SAFE,100nF
SAFE_GND,U_LA1,GND_SAFE,BARRIER,ISO7740FDWR reinforced 4/0 monitor
SAFE_GND,U_LA2,GND_SAFE,BARRIER,ISO7740FDWR reinforced 4/0 monitor
SAFE_GND,C_LA1_SAFE,2,SAFE,100nF
SAFE_GND,C_LA2_SAFE,2,SAFE,100nF
SAFE_GND,J_SALEAE,GND,SAFE,SAFE ISOLATED SALEAE
SAFE_GND,U_ESTOP_OPTO,LED_K,BARRIER,LTV-817
SAFE_LA_CH0,U_LA1,SO1,BARRIER,ISO7740FDWR reinforced 4/0 monitor
SAFE_LA_CH0,J_SALEAE,CH0,SAFE,SAFE ISOLATED SALEAE
SAFE_LA_CH1,U_LA1,SO2,BARRIER,ISO7740FDWR reinforced 4/0 monitor
SAFE_LA_CH1,J_SALEAE,CH1,SAFE,SAFE ISOLATED SALEAE
SAFE_LA_CH2,U_LA1,SO3,BARRIER,ISO7740FDWR reinforced 4/0 monitor
SAFE_LA_CH2,J_SALEAE,CH2,SAFE,SAFE ISOLATED SALEAE
SAFE_LA_CH3,U_LA1,SO4,BARRIER,ISO7740FDWR reinforced 4/0 monitor
SAFE_LA_CH3,J_SALEAE,CH3,SAFE,SAFE ISOLATED SALEAE
SAFE_LA_CH4,U_LA2,SO1,BARRIER,ISO7740FDWR reinforced 4/0 monitor
SAFE_LA_CH4,J_SALEAE,CH4,SAFE,SAFE ISOLATED SALEAE
SAFE_LA_CH5,U_LA2,SO2,BARRIER,ISO7740FDWR reinforced 4/0 monitor
SAFE_LA_CH5,J_SALEAE,CH5,SAFE,SAFE ISOLATED SALEAE
SAFE_LA_CH6,U_LA2,SO3,BARRIER,ISO7740FDWR reinforced 4/0 monitor
SAFE_LA_CH6,J_SALEAE,CH6,SAFE,SAFE ISOLATED SALEAE
SAFE_LA_CH7,U_LA2,SO4,BARRIER,ISO7740FDWR reinforced 4/0 monitor
SAFE_LA_CH7,J_SALEAE,CH7,SAFE,SAFE ISOLATED SALEAE
SAFE_UART_RX,JP_UART_RX,COMMON,SAFE,UNOQ/PC RX SELECT
SAFE_UART_RX,U_UART_ISO,RX_SAFE_OUT,BARRIER,ISO7721DWR reinforced 1/1 UART isolator
SAFE_UART_TX,JP_UART_TX,COMMON,SAFE,UNOQ/PC TX SELECT
SAFE_UART_TX,U_UART_ISO,TX_SAFE_IN,BARRIER,ISO7721DWR reinforced 1/1 UART isolator
SAFE_UART_TX,R_UART_TX_PU,2,SAFE,47K
SAFE_VIN_7_24V,J_SAFE_DC_IN,VIN,SAFE,UNO Q SAFE 7-24V
SAFE_VIN_7_24V,U_UNOQ,VIN,SAFE,Arduino UNO Q
STEVAL_ADC_IA,J_STEVAL_J2,P15,HOT,STEVAL-IPM15B J2
STEVAL_ADC_IA,R_ADC_IA,1,HOT,100R
STEVAL_ADC_IB,J_STEVAL_J2,P17,HOT,STEVAL-IPM15B J2
STEVAL_ADC_IB,R_ADC_IB,1,HOT,100R
STEVAL_ADC_IC,J_STEVAL_J2,P19,HOT,STEVAL-IPM15B J2
STEVAL_ADC_IC,R_ADC_IC,1,HOT,100R
STEVAL_ADC_PHASE_A,J_STEVAL_J2,P31,HOT,STEVAL-IPM15B J2
STEVAL_ADC_PHASE_A,R_ADC_PHASE_A,1,HOT,100R
STEVAL_ADC_PHASE_B,J_STEVAL_J2,P33,HOT,STEVAL-IPM15B J2
STEVAL_ADC_PHASE_B,R_ADC_PHASE_B,1,HOT,100R
STEVAL_ADC_TEMP,J_STEVAL_J2,P26,HOT,STEVAL-IPM15B J2
STEVAL_ADC_TEMP,R_ADC_TEMP,1,HOT,100R
STEVAL_ADC_VBUS,J_STEVAL_J2,P14,HOT,STEVAL-IPM15B J2
STEVAL_ADC_VBUS,R_ADC_VBUS,1,HOT,100R
UNOQ_3V3_OUT,U_UNOQ,OUT_3V3,SAFE,Arduino UNO Q
UNOQ_3V3_OUT,JP_SAFE_3V3,UNO,SAFE,UNOQ/EXT 3V3 SELECT
UNOQ_RX,U_UNOQ,RX_D0,SAFE,Arduino UNO Q
UNOQ_RX,JP_UART_RX,UNO,SAFE,UNOQ/PC RX SELECT
UNOQ_TX,U_UNOQ,TX_D1,SAFE,Arduino UNO Q
UNOQ_TX,JP_UART_TX,UNO,SAFE,UNOQ/PC TX SELECT
